part,group,material,pieces,size_x_mm,size_y_mm,size_z_mm
bedplate,01 Block,alu_cast,16,463.6,188.4,108.4
block_bank_l,01 Block,alu_cast,5,462.3,248.4,150.4
block_bank_r,01 Block,alu_cast,5,462.3,248.4,150.4
block_crankcase,01 Block,alu_cast,1,463.2,202.1,124.0
block_liners,01 Block,alu_cast,8,420.0,247.5,113.5
boost_reference_lines,01 Block,rubber_blk,10,290.4,385.2,232.6
fuel_hp_line,01 Block,alu_cast,1,127.6,82.9,80.9
hv_motor_h_0,01 Block,hv_orange,1,427.2,83.2,83.2
hv_motor_h_1,01 Block,hv_orange,1,139.2,23.2,80.6
hv_motor_h_connector_0,01 Block,hv_orange,2,15.0,23.0,38.5
hv_motor_h_connector_1,01 Block,hv_orange,2,15.0,23.0,38.5
hv_motor_k,01 Block,hv_orange,1,602.0,130.6,396.5
hv_motor_k_connector,01 Block,hv_orange,4,27.6,20.0,18.0
hv_store_1,01 Block,hv_orange,1,180.4,88.0,406.8
hv_store_2,01 Block,hv_orange,1,404.5,88.0,406.8
port_covers,01 Block,cover_red,6,718.7,238.8,148.0
sump,01 Block,magnesium,2,400.0,188.0,61.8
sump_baffles,01 Block,alu_forged,4,299.0,135.4,34.1
sump_drain,01 Block,steel_nitrided,1,26.0,26.0,13.0
windage_tray,01 Block,steel_nitrided,25,304.0,148.0,37.5
conrod_1,02 Bottom End,titanium,3,19.0,104.8,86.4
conrod_2,02 Bottom End,titanium,3,19.0,94.3,101.3
conrod_3,02 Bottom End,titanium,3,19.0,86.4,104.8
conrod_4,02 Bottom End,titanium,3,19.0,101.3,94.3
conrod_5,02 Bottom End,titanium,3,19.0,86.4,104.8
conrod_6,02 Bottom End,titanium,3,19.0,101.3,94.3
conrod_7,02 Bottom End,titanium,3,19.0,104.8,86.4
conrod_8,02 Bottom End,titanium,3,19.0,94.3,101.3
crank_damper,02 Bottom End,steel_nitrided,12,49.0,198.9,199.0
crank_trigger,02 Bottom End,steel_nitrided,61,10.0,89.2,144.1
crankshaft,02 Bottom End,steel_nitrided,20,614.0,124.0,124.0
gudgeon_pin_1,02 Bottom End,steel_nitrided,1,26.0,19.0,19.0
gudgeon_pin_2,02 Bottom End,steel_nitrided,1,26.0,19.0,19.0
gudgeon_pin_3,02 Bottom End,steel_nitrided,1,26.0,19.0,19.0
gudgeon_pin_4,02 Bottom End,steel_nitrided,1,26.0,19.0,19.0
gudgeon_pin_5,02 Bottom End,steel_nitrided,1,26.0,19.0,19.0
gudgeon_pin_6,02 Bottom End,steel_nitrided,1,26.0,19.0,19.0
gudgeon_pin_7,02 Bottom End,steel_nitrided,1,26.0,19.0,19.0
gudgeon_pin_8,02 Bottom End,steel_nitrided,1,26.0,19.0,19.0
main_cap_1,02 Bottom End,alu_forged,6,26.0,100.0,76.0
main_cap_2,02 Bottom End,alu_forged,6,26.0,100.0,76.0
main_cap_3,02 Bottom End,alu_forged,6,26.0,100.0,76.0
main_cap_4,02 Bottom End,alu_forged,6,26.0,100.0,76.0
main_cap_5,02 Bottom End,alu_forged,6,26.0,100.0,76.0
main_cap_bolts,02 Bottom End,titanium,20,439.0,107.0,80.0
main_shell_1_lower,02 Bottom End,copper_wound,2,12.2,62.5,30.4
main_shell_1_upper,02 Bottom End,copper_wound,2,12.2,62.5,30.4
main_shell_2_lower,02 Bottom End,copper_wound,2,12.2,62.5,30.4
main_shell_2_upper,02 Bottom End,copper_wound,2,12.2,62.5,30.4
main_shell_3_lower,02 Bottom End,copper_wound,2,12.2,62.5,30.4
main_shell_3_upper,02 Bottom End,copper_wound,2,12.2,62.5,30.4
main_shell_4_lower,02 Bottom End,copper_wound,2,12.2,62.5,30.4
main_shell_4_upper,02 Bottom End,copper_wound,2,12.2,62.5,30.4
main_shell_5_lower,02 Bottom End,copper_wound,2,12.2,62.5,30.4
main_shell_5_upper,02 Bottom End,copper_wound,2,12.2,62.5,30.4
piston_1,02 Bottom End,alu_forged,1,83.3,71.6,71.6
piston_2,02 Bottom End,alu_forged,1,83.3,71.6,71.6
piston_3,02 Bottom End,alu_forged,1,83.3,71.6,71.6
piston_4,02 Bottom End,alu_forged,1,83.3,71.6,71.6
piston_5,02 Bottom End,alu_forged,1,83.3,71.6,71.6
piston_6,02 Bottom End,alu_forged,1,83.3,71.6,71.6
piston_7,02 Bottom End,alu_forged,1,83.3,71.6,71.6
piston_8,02 Bottom End,alu_forged,1,83.3,71.6,71.6
ring_oil_1,02 Bottom End,steel_nitrided,1,82.1,59.7,59.7
ring_oil_2,02 Bottom End,steel_nitrided,1,82.1,59.7,59.7
ring_oil_3,02 Bottom End,steel_nitrided,1,82.1,59.7,59.7
ring_oil_4,02 Bottom End,steel_nitrided,1,82.1,59.7,59.7
ring_oil_5,02 Bottom End,steel_nitrided,1,82.1,59.7,59.7
ring_oil_6,02 Bottom End,steel_nitrided,1,82.1,59.7,59.7
ring_oil_7,02 Bottom End,steel_nitrided,1,82.1,59.7,59.7
ring_oil_8,02 Bottom End,steel_nitrided,1,82.1,59.7,59.7
ring_second_1,02 Bottom End,steel_nitrided,1,82.3,59.4,59.4
ring_second_2,02 Bottom End,steel_nitrided,1,82.3,59.4,59.4
ring_second_3,02 Bottom End,steel_nitrided,1,82.3,59.4,59.4
ring_second_4,02 Bottom End,steel_nitrided,1,82.3,59.4,59.4
ring_second_5,02 Bottom End,steel_nitrided,1,82.3,59.4,59.4
ring_second_6,02 Bottom End,steel_nitrided,1,82.3,59.4,59.4
ring_second_7,02 Bottom End,steel_nitrided,1,82.3,59.4,59.4
ring_second_8,02 Bottom End,steel_nitrided,1,82.3,59.4,59.4
ring_top_1,02 Bottom End,steel_nitrided,1,82.5,59.4,59.4
ring_top_2,02 Bottom End,steel_nitrided,1,82.5,59.4,59.4
ring_top_3,02 Bottom End,steel_nitrided,1,82.5,59.4,59.4
ring_top_4,02 Bottom End,steel_nitrided,1,82.5,59.4,59.4
ring_top_5,02 Bottom End,steel_nitrided,1,82.5,59.4,59.4
ring_top_6,02 Bottom End,steel_nitrided,1,82.5,59.4,59.4
ring_top_7,02 Bottom End,steel_nitrided,1,82.5,59.4,59.4
ring_top_8,02 Bottom End,steel_nitrided,1,82.5,59.4,59.4
rod_bolts,02 Bottom End,titanium,32,336.6,118.8,98.0
rod_cap_1,02 Bottom End,titanium,1,19.0,49.9,61.3
rod_cap_2,02 Bottom End,titanium,1,19.0,58.4,54.0
rod_cap_3,02 Bottom End,titanium,1,19.0,61.3,49.9
rod_cap_4,02 Bottom End,titanium,1,19.0,54.0,58.4
rod_cap_5,02 Bottom End,titanium,1,19.0,61.3,49.9
rod_cap_6,02 Bottom End,titanium,1,19.0,54.0,58.4
rod_cap_7,02 Bottom End,titanium,1,19.0,49.9,61.3
rod_cap_8,02 Bottom End,titanium,1,19.0,58.4,54.0
rod_shell_1_lower,02 Bottom End,copper_wound,2,17.0,40.8,50.4
rod_shell_1_upper,02 Bottom End,copper_wound,2,17.0,40.8,50.3
rod_shell_2_lower,02 Bottom End,copper_wound,2,17.0,47.8,44.2
rod_shell_2_upper,02 Bottom End,copper_wound,2,17.0,47.8,44.2
rod_shell_3_lower,02 Bottom End,copper_wound,2,17.0,50.3,40.8
rod_shell_3_upper,02 Bottom End,copper_wound,2,17.0,50.4,40.8
rod_shell_4_lower,02 Bottom End,copper_wound,2,17.0,44.2,47.8
rod_shell_4_upper,02 Bottom End,copper_wound,2,17.0,44.2,47.8
rod_shell_5_lower,02 Bottom End,copper_wound,2,17.0,50.3,40.8
rod_shell_5_upper,02 Bottom End,copper_wound,2,17.0,50.4,40.8
rod_shell_6_lower,02 Bottom End,copper_wound,2,17.0,44.2,47.8
rod_shell_6_upper,02 Bottom End,copper_wound,2,17.0,44.2,47.8
rod_shell_7_lower,02 Bottom End,copper_wound,2,17.0,40.8,50.4
rod_shell_7_upper,02 Bottom End,copper_wound,2,17.0,40.8,50.3
rod_shell_8_lower,02 Bottom End,copper_wound,2,17.0,47.8,44.2
rod_shell_8_upper,02 Bottom End,copper_wound,2,17.0,47.8,44.2
cam_caps,03 Heads and Valvetrain,alu_forged,16,332.7,457.5,106.1
cam_journals_l_ex,03 Heads and Valvetrain,steel_nitrided,4,313.7,30.0,30.0
cam_journals_l_in,03 Heads and Valvetrain,steel_nitrided,4,313.7,30.0,30.0
cam_journals_r_ex,03 Heads and Valvetrain,steel_nitrided,4,313.7,30.0,30.0
cam_journals_r_in,03 Heads and Valvetrain,steel_nitrided,4,313.7,30.0,30.0
cam_sensor_l,03 Heads and Valvetrain,anodised,10,39.0,61.3,77.0
cam_sensor_r,03 Heads and Valvetrain,anodised,10,39.0,61.3,77.0
camcover_bolts_l,03 Heads and Valvetrain,titanium,18,428.4,88.6,88.6
camcover_bolts_r,03 Heads and Valvetrain,titanium,18,428.4,88.6,88.6
camcover_l,03 Heads and Valvetrain,magnesium,1,442.0,94.0,94.0
camcover_r,03 Heads and Valvetrain,magnesium,1,442.0,94.0,94.0
camlobe_l_ex_1_1,03 Heads and Valvetrain,steel_nitrided,1,11.0,39.3,27.0
camlobe_l_ex_1_2,03 Heads and Valvetrain,steel_nitrided,1,11.0,39.3,27.0
camlobe_l_ex_3_1,03 Heads and Valvetrain,steel_nitrided,1,11.0,27.0,39.3
camlobe_l_ex_3_2,03 Heads and Valvetrain,steel_nitrided,1,11.0,27.0,39.3
camlobe_l_ex_5_1,03 Heads and Valvetrain,steel_nitrided,1,11.0,36.3,32.8
camlobe_l_ex_5_2,03 Heads and Valvetrain,steel_nitrided,1,11.0,36.3,32.8
camlobe_l_ex_7_1,03 Heads and Valvetrain,steel_nitrided,1,11.0,32.8,36.3
camlobe_l_ex_7_2,03 Heads and Valvetrain,steel_nitrided,1,11.0,32.8,36.3
camlobe_l_in_1_1,03 Heads and Valvetrain,steel_nitrided,1,11.0,27.0,39.4
camlobe_l_in_1_2,03 Heads and Valvetrain,steel_nitrided,1,11.0,27.0,39.4
camlobe_l_in_3_1,03 Heads and Valvetrain,steel_nitrided,1,11.0,39.4,27.0
camlobe_l_in_3_2,03 Heads and Valvetrain,steel_nitrided,1,11.0,39.4,27.0
camlobe_l_in_5_1,03 Heads and Valvetrain,steel_nitrided,1,11.0,36.0,33.4
camlobe_l_in_5_2,03 Heads and Valvetrain,steel_nitrided,1,11.0,36.0,33.4
camlobe_l_in_7_1,03 Heads and Valvetrain,steel_nitrided,1,11.0,33.4,36.0
camlobe_l_in_7_2,03 Heads and Valvetrain,steel_nitrided,1,11.0,33.4,36.0
camlobe_r_ex_2_1,03 Heads and Valvetrain,steel_nitrided,1,11.0,27.0,39.3
camlobe_r_ex_2_2,03 Heads and Valvetrain,steel_nitrided,1,11.0,27.0,39.3
camlobe_r_ex_4_1,03 Heads and Valvetrain,steel_nitrided,1,11.0,39.3,27.0
camlobe_r_ex_4_2,03 Heads and Valvetrain,steel_nitrided,1,11.0,39.3,27.0
camlobe_r_ex_6_1,03 Heads and Valvetrain,steel_nitrided,1,11.0,32.8,36.3
camlobe_r_ex_6_2,03 Heads and Valvetrain,steel_nitrided,1,11.0,32.8,36.3
camlobe_r_ex_8_1,03 Heads and Valvetrain,steel_nitrided,1,11.0,36.3,32.8
camlobe_r_ex_8_2,03 Heads and Valvetrain,steel_nitrided,1,11.0,36.3,32.8
camlobe_r_in_2_1,03 Heads and Valvetrain,steel_nitrided,1,11.0,39.4,27.0
camlobe_r_in_2_2,03 Heads and Valvetrain,steel_nitrided,1,11.0,39.4,27.0
camlobe_r_in_4_1,03 Heads and Valvetrain,steel_nitrided,1,11.0,27.0,39.4
camlobe_r_in_4_2,03 Heads and Valvetrain,steel_nitrided,1,11.0,27.0,39.4
camlobe_r_in_6_1,03 Heads and Valvetrain,steel_nitrided,1,11.0,33.4,36.0
camlobe_r_in_6_2,03 Heads and Valvetrain,steel_nitrided,1,11.0,33.4,36.0
camlobe_r_in_8_1,03 Heads and Valvetrain,steel_nitrided,1,11.0,36.0,33.4
camlobe_r_in_8_2,03 Heads and Valvetrain,steel_nitrided,1,11.0,36.0,33.4
camshaft_l_ex,03 Heads and Valvetrain,steel_nitrided,1,482.0,28.8,28.8
camshaft_l_in,03 Heads and Valvetrain,steel_nitrided,1,482.0,28.8,28.8
camshaft_r_ex,03 Heads and Valvetrain,steel_nitrided,1,482.0,28.8,28.8
camshaft_r_in,03 Heads and Valvetrain,steel_nitrided,1,482.0,28.8,28.8
coil_1,03 Heads and Valvetrain,rubber_blk,6,36.0,104.6,116.6
coil_2,03 Heads and Valvetrain,rubber_blk,6,36.0,104.6,116.6
coil_3,03 Heads and Valvetrain,rubber_blk,6,36.0,104.6,116.6
coil_4,03 Heads and Valvetrain,rubber_blk,6,36.0,104.6,116.6
coil_5,03 Heads and Valvetrain,rubber_blk,6,36.0,104.6,116.6
coil_6,03 Heads and Valvetrain,rubber_blk,6,36.0,104.6,116.6
coil_7,03 Heads and Valvetrain,rubber_blk,6,36.0,104.6,116.6
coil_8,03 Heads and Valvetrain,rubber_blk,6,36.0,104.6,116.6
collets_ex_1_1,03 Heads and Valvetrain,steel_nitrided,1,6.0,12.3,12.6
collets_ex_1_2,03 Heads and Valvetrain,steel_nitrided,1,6.0,12.3,12.6
collets_ex_2_1,03 Heads and Valvetrain,steel_nitrided,1,6.0,12.3,12.6
collets_ex_2_2,03 Heads and Valvetrain,steel_nitrided,1,6.0,12.3,12.6
collets_ex_3_1,03 Heads and Valvetrain,steel_nitrided,1,6.0,12.3,12.6
collets_ex_3_2,03 Heads and Valvetrain,steel_nitrided,1,6.0,12.3,12.6
collets_ex_4_1,03 Heads and Valvetrain,steel_nitrided,1,6.0,12.3,12.6
collets_ex_4_2,03 Heads and Valvetrain,steel_nitrided,1,6.0,12.3,12.6
collets_ex_5_1,03 Heads and Valvetrain,steel_nitrided,1,6.0,12.3,12.6
collets_ex_5_2,03 Heads and Valvetrain,steel_nitrided,1,6.0,12.3,12.6
collets_ex_6_1,03 Heads and Valvetrain,steel_nitrided,1,6.0,12.3,12.6
collets_ex_6_2,03 Heads and Valvetrain,steel_nitrided,1,6.0,12.3,12.6
collets_ex_7_1,03 Heads and Valvetrain,steel_nitrided,1,6.0,12.3,12.6
collets_ex_7_2,03 Heads and Valvetrain,steel_nitrided,1,6.0,12.3,12.6
collets_ex_8_1,03 Heads and Valvetrain,steel_nitrided,1,6.0,12.3,12.6
collets_ex_8_2,03 Heads and Valvetrain,steel_nitrided,1,6.0,12.3,12.6
collets_in_1_1,03 Heads and Valvetrain,steel_nitrided,1,6.0,12.5,12.5
collets_in_1_2,03 Heads and Valvetrain,steel_nitrided,1,6.0,12.5,12.5
collets_in_2_1,03 Heads and Valvetrain,steel_nitrided,1,6.0,12.5,12.5
collets_in_2_2,03 Heads and Valvetrain,steel_nitrided,1,6.0,12.5,12.5
collets_in_3_1,03 Heads and Valvetrain,steel_nitrided,1,6.0,12.5,12.5
collets_in_3_2,03 Heads and Valvetrain,steel_nitrided,1,6.0,12.5,12.5
collets_in_4_1,03 Heads and Valvetrain,steel_nitrided,1,6.0,12.5,12.5
collets_in_4_2,03 Heads and Valvetrain,steel_nitrided,1,6.0,12.5,12.5
collets_in_5_1,03 Heads and Valvetrain,steel_nitrided,1,6.0,12.5,12.5
collets_in_5_2,03 Heads and Valvetrain,steel_nitrided,1,6.0,12.5,12.5
collets_in_6_1,03 Heads and Valvetrain,steel_nitrided,1,6.0,12.5,12.5
collets_in_6_2,03 Heads and Valvetrain,steel_nitrided,1,6.0,12.5,12.5
collets_in_7_1,03 Heads and Valvetrain,steel_nitrided,1,6.0,12.5,12.5
collets_in_7_2,03 Heads and Valvetrain,steel_nitrided,1,6.0,12.5,12.5
collets_in_8_1,03 Heads and Valvetrain,steel_nitrided,1,6.0,12.5,12.5
collets_in_8_2,03 Heads and Valvetrain,steel_nitrided,1,6.0,12.5,12.5
head_gasket_l,03 Heads and Valvetrain,steel_nitrided,16,442.0,100.8,100.8
head_gasket_r,03 Heads and Valvetrain,steel_nitrided,16,442.0,100.8,100.8
head_l,03 Heads and Valvetrain,alu_cast,1,455.5,167.7,165.7
head_r,03 Heads and Valvetrain,alu_cast,1,455.5,167.7,165.7
head_studs,03 Heads and Valvetrain,alu_cast,16,457.0,254.0,87.8
injector_di_1,03 Heads and Valvetrain,steel_nitrided,4,34.9,47.3,34.0
injector_di_2,03 Heads and Valvetrain,steel_nitrided,4,34.9,47.3,34.0
injector_di_3,03 Heads and Valvetrain,steel_nitrided,4,34.9,47.3,34.0
injector_di_4,03 Heads and Valvetrain,steel_nitrided,4,34.9,47.3,34.0
injector_di_5,03 Heads and Valvetrain,steel_nitrided,4,34.9,47.3,34.0
injector_di_6,03 Heads and Valvetrain,steel_nitrided,4,34.9,47.3,34.0
injector_di_7,03 Heads and Valvetrain,steel_nitrided,4,34.9,47.3,34.0
injector_di_8,03 Heads and Valvetrain,steel_nitrided,4,34.9,47.3,34.0
oil_filler_l,03 Heads and Valvetrain,anodised,1,46.0,41.0,41.0
oil_filler_r,03 Heads and Valvetrain,anodised,1,46.0,41.0,41.0
retainer_1_0,03 Heads and Valvetrain,titanium,1,26.4,16.8,23.0
retainer_1_1,03 Heads and Valvetrain,titanium,1,26.4,16.8,23.0
retainer_1_2,03 Heads and Valvetrain,titanium,1,26.4,23.0,16.8
retainer_1_3,03 Heads and Valvetrain,titanium,1,26.4,23.0,16.8
retainer_2_0,03 Heads and Valvetrain,titanium,1,26.4,16.8,23.0
retainer_2_1,03 Heads and Valvetrain,titanium,1,26.4,16.8,23.0
retainer_2_2,03 Heads and Valvetrain,titanium,1,26.4,23.0,16.8
retainer_2_3,03 Heads and Valvetrain,titanium,1,26.4,23.0,16.8
retainer_3_0,03 Heads and Valvetrain,titanium,1,26.4,16.8,23.0
retainer_3_1,03 Heads and Valvetrain,titanium,1,26.4,16.8,23.0
retainer_3_2,03 Heads and Valvetrain,titanium,1,26.4,23.0,16.8
retainer_3_3,03 Heads and Valvetrain,titanium,1,26.4,23.0,16.8
retainer_4_0,03 Heads and Valvetrain,titanium,1,26.4,16.8,23.0
retainer_4_1,03 Heads and Valvetrain,titanium,1,26.4,16.8,23.0
retainer_4_2,03 Heads and Valvetrain,titanium,1,26.4,23.0,16.8
retainer_4_3,03 Heads and Valvetrain,titanium,1,26.4,23.0,16.8
retainer_5_0,03 Heads and Valvetrain,titanium,1,26.4,16.8,23.0
retainer_5_1,03 Heads and Valvetrain,titanium,1,26.4,16.8,23.0
retainer_5_2,03 Heads and Valvetrain,titanium,1,26.4,23.0,16.8
retainer_5_3,03 Heads and Valvetrain,titanium,1,26.4,23.0,16.8
retainer_6_0,03 Heads and Valvetrain,titanium,1,26.4,16.8,23.0
retainer_6_1,03 Heads and Valvetrain,titanium,1,26.4,16.8,23.0
retainer_6_2,03 Heads and Valvetrain,titanium,1,26.4,23.0,16.8
retainer_6_3,03 Heads and Valvetrain,titanium,1,26.4,23.0,16.8
retainer_7_0,03 Heads and Valvetrain,titanium,1,26.4,16.8,23.0
retainer_7_1,03 Heads and Valvetrain,titanium,1,26.4,16.8,23.0
retainer_7_2,03 Heads and Valvetrain,titanium,1,26.4,23.0,16.8
retainer_7_3,03 Heads and Valvetrain,titanium,1,26.4,23.0,16.8
retainer_8_0,03 Heads and Valvetrain,titanium,1,26.4,16.8,23.0
retainer_8_1,03 Heads and Valvetrain,titanium,1,26.4,16.8,23.0
retainer_8_2,03 Heads and Valvetrain,titanium,1,26.4,23.0,16.8
retainer_8_3,03 Heads and Valvetrain,titanium,1,26.4,23.0,16.8
sparkplug_1,03 Heads and Valvetrain,anodised,1,12.8,23.8,23.8
sparkplug_2,03 Heads and Valvetrain,anodised,1,12.8,23.8,23.8
sparkplug_3,03 Heads and Valvetrain,anodised,1,12.8,23.8,23.8
sparkplug_4,03 Heads and Valvetrain,anodised,1,12.8,23.8,23.8
sparkplug_5,03 Heads and Valvetrain,anodised,1,12.8,23.8,23.8
sparkplug_6,03 Heads and Valvetrain,anodised,1,12.8,23.8,23.8
sparkplug_7,03 Heads and Valvetrain,anodised,1,12.8,23.8,23.8
sparkplug_8,03 Heads and Valvetrain,anodised,1,12.8,23.8,23.8
tappet_1_0,03 Heads and Valvetrain,steel_nitrided,2,28.0,29.8,32.4
tappet_1_1,03 Heads and Valvetrain,steel_nitrided,2,28.0,29.8,32.4
tappet_1_2,03 Heads and Valvetrain,steel_nitrided,2,28.0,32.4,29.8
tappet_1_3,03 Heads and Valvetrain,steel_nitrided,2,28.0,32.4,29.8
tappet_2_0,03 Heads and Valvetrain,steel_nitrided,2,28.0,29.8,32.4
tappet_2_1,03 Heads and Valvetrain,steel_nitrided,2,28.0,29.8,32.4
tappet_2_2,03 Heads and Valvetrain,steel_nitrided,2,28.0,32.4,29.8
tappet_2_3,03 Heads and Valvetrain,steel_nitrided,2,28.0,32.4,29.8
tappet_3_0,03 Heads and Valvetrain,steel_nitrided,2,28.0,29.8,32.4
tappet_3_1,03 Heads and Valvetrain,steel_nitrided,2,28.0,29.8,32.4
tappet_3_2,03 Heads and Valvetrain,steel_nitrided,2,28.0,32.4,29.8
tappet_3_3,03 Heads and Valvetrain,steel_nitrided,2,28.0,32.4,29.8
tappet_4_0,03 Heads and Valvetrain,steel_nitrided,2,28.0,29.8,32.4
tappet_4_1,03 Heads and Valvetrain,steel_nitrided,2,28.0,29.8,32.4
tappet_4_2,03 Heads and Valvetrain,steel_nitrided,2,28.0,32.4,29.8
tappet_4_3,03 Heads and Valvetrain,steel_nitrided,2,28.0,32.4,29.8
tappet_5_0,03 Heads and Valvetrain,steel_nitrided,2,28.0,29.8,32.4
tappet_5_1,03 Heads and Valvetrain,steel_nitrided,2,28.0,29.8,32.4
tappet_5_2,03 Heads and Valvetrain,steel_nitrided,2,28.0,32.4,29.8
tappet_5_3,03 Heads and Valvetrain,steel_nitrided,2,28.0,32.4,29.8
tappet_6_0,03 Heads and Valvetrain,steel_nitrided,2,28.0,29.8,32.4
tappet_6_1,03 Heads and Valvetrain,steel_nitrided,2,28.0,29.8,32.4
tappet_6_2,03 Heads and Valvetrain,steel_nitrided,2,28.0,32.4,29.8
tappet_6_3,03 Heads and Valvetrain,steel_nitrided,2,28.0,32.4,29.8
tappet_7_0,03 Heads and Valvetrain,steel_nitrided,2,28.0,29.8,32.4
tappet_7_1,03 Heads and Valvetrain,steel_nitrided,2,28.0,29.8,32.4
tappet_7_2,03 Heads and Valvetrain,steel_nitrided,2,28.0,32.4,29.8
tappet_7_3,03 Heads and Valvetrain,steel_nitrided,2,28.0,32.4,29.8
tappet_8_0,03 Heads and Valvetrain,steel_nitrided,2,28.0,29.8,32.4
tappet_8_1,03 Heads and Valvetrain,steel_nitrided,2,28.0,29.8,32.4
tappet_8_2,03 Heads and Valvetrain,steel_nitrided,2,28.0,32.4,29.8
tappet_8_3,03 Heads and Valvetrain,steel_nitrided,2,28.0,32.4,29.8
valve_ex_1_1,03 Heads and Valvetrain,inconel,1,29.0,61.3,79.9
valve_ex_1_2,03 Heads and Valvetrain,inconel,1,29.0,61.3,79.9
valve_ex_2_1,03 Heads and Valvetrain,inconel,1,29.0,61.3,79.9
valve_ex_2_2,03 Heads and Valvetrain,inconel,1,29.0,61.3,79.9
valve_ex_3_1,03 Heads and Valvetrain,inconel,1,29.0,61.3,79.9
valve_ex_3_2,03 Heads and Valvetrain,inconel,1,29.0,61.3,79.9
valve_ex_4_1,03 Heads and Valvetrain,inconel,1,29.0,61.3,79.9
valve_ex_4_2,03 Heads and Valvetrain,inconel,1,29.0,61.3,79.9
valve_ex_5_1,03 Heads and Valvetrain,inconel,1,29.0,61.3,79.9
valve_ex_5_2,03 Heads and Valvetrain,inconel,1,29.0,61.3,79.9
valve_ex_6_1,03 Heads and Valvetrain,inconel,1,29.0,61.3,79.9
valve_ex_6_2,03 Heads and Valvetrain,inconel,1,29.0,61.3,79.9
valve_ex_7_1,03 Heads and Valvetrain,inconel,1,29.0,61.3,79.9
valve_ex_7_2,03 Heads and Valvetrain,inconel,1,29.0,61.3,79.9
valve_ex_8_1,03 Heads and Valvetrain,inconel,1,29.0,61.3,79.9
valve_ex_8_2,03 Heads and Valvetrain,inconel,1,29.0,61.3,79.9
valve_in_1_1,03 Heads and Valvetrain,titanium,1,34.0,81.3,63.4
valve_in_1_2,03 Heads and Valvetrain,titanium,1,34.0,81.3,63.4
valve_in_2_1,03 Heads and Valvetrain,titanium,1,34.0,81.3,63.4
valve_in_2_2,03 Heads and Valvetrain,titanium,1,34.0,81.3,63.4
valve_in_3_1,03 Heads and Valvetrain,titanium,1,34.0,81.3,63.4
valve_in_3_2,03 Heads and Valvetrain,titanium,1,34.0,81.3,63.4
valve_in_4_1,03 Heads and Valvetrain,titanium,1,34.0,81.3,63.4
valve_in_4_2,03 Heads and Valvetrain,titanium,1,34.0,81.3,63.4
valve_in_5_1,03 Heads and Valvetrain,titanium,1,34.0,81.3,63.4
valve_in_5_2,03 Heads and Valvetrain,titanium,1,34.0,81.3,63.4
valve_in_6_1,03 Heads and Valvetrain,titanium,1,34.0,81.3,63.4
valve_in_6_2,03 Heads and Valvetrain,titanium,1,34.0,81.3,63.4
valve_in_7_1,03 Heads and Valvetrain,titanium,1,34.0,81.3,63.4
valve_in_7_2,03 Heads and Valvetrain,titanium,1,34.0,81.3,63.4
valve_in_8_1,03 Heads and Valvetrain,titanium,1,34.0,81.3,63.4
valve_in_8_2,03 Heads and Valvetrain,titanium,1,34.0,81.3,63.4
valve_spring_1_0,03 Heads and Valvetrain,spring_steel,2,22.6,63.5,52.7
valve_spring_1_1,03 Heads and Valvetrain,spring_steel,2,22.6,63.5,52.7
valve_spring_1_2,03 Heads and Valvetrain,spring_steel,2,22.6,52.7,63.6
valve_spring_1_3,03 Heads and Valvetrain,spring_steel,2,22.6,52.7,63.6
valve_spring_2_0,03 Heads and Valvetrain,spring_steel,2,22.6,63.5,52.7
valve_spring_2_1,03 Heads and Valvetrain,spring_steel,2,22.6,63.5,52.7
valve_spring_2_2,03 Heads and Valvetrain,spring_steel,2,22.6,52.7,63.6
valve_spring_2_3,03 Heads and Valvetrain,spring_steel,2,22.6,52.7,63.6
valve_spring_3_0,03 Heads and Valvetrain,spring_steel,2,22.6,63.5,52.7
valve_spring_3_1,03 Heads and Valvetrain,spring_steel,2,22.6,63.5,52.7
valve_spring_3_2,03 Heads and Valvetrain,spring_steel,2,22.6,52.7,63.6
valve_spring_3_3,03 Heads and Valvetrain,spring_steel,2,22.6,52.7,63.6
valve_spring_4_0,03 Heads and Valvetrain,spring_steel,2,22.6,63.5,52.7
valve_spring_4_1,03 Heads and Valvetrain,spring_steel,2,22.6,63.5,52.7
valve_spring_4_2,03 Heads and Valvetrain,spring_steel,2,22.6,52.7,63.6
valve_spring_4_3,03 Heads and Valvetrain,spring_steel,2,22.6,52.7,63.6
valve_spring_5_0,03 Heads and Valvetrain,spring_steel,2,22.6,63.5,52.7
valve_spring_5_1,03 Heads and Valvetrain,spring_steel,2,22.6,63.5,52.7
valve_spring_5_2,03 Heads and Valvetrain,spring_steel,2,22.6,52.7,63.6
valve_spring_5_3,03 Heads and Valvetrain,spring_steel,2,22.6,52.7,63.6
valve_spring_6_0,03 Heads and Valvetrain,spring_steel,2,22.6,63.5,52.7
valve_spring_6_1,03 Heads and Valvetrain,spring_steel,2,22.6,63.5,52.7
valve_spring_6_2,03 Heads and Valvetrain,spring_steel,2,22.6,52.7,63.6
valve_spring_6_3,03 Heads and Valvetrain,spring_steel,2,22.6,52.7,63.6
valve_spring_7_0,03 Heads and Valvetrain,spring_steel,2,22.6,63.5,52.7
valve_spring_7_1,03 Heads and Valvetrain,spring_steel,2,22.6,63.5,52.7
valve_spring_7_2,03 Heads and Valvetrain,spring_steel,2,22.6,52.7,63.6
valve_spring_7_3,03 Heads and Valvetrain,spring_steel,2,22.6,52.7,63.6
valve_spring_8_0,03 Heads and Valvetrain,spring_steel,2,22.6,63.5,52.7
valve_spring_8_1,03 Heads and Valvetrain,spring_steel,2,22.6,63.5,52.7
valve_spring_8_2,03 Heads and Valvetrain,spring_steel,2,22.6,52.7,63.6
valve_spring_8_3,03 Heads and Valvetrain,spring_steel,2,22.6,52.7,63.6
blowoff,04 Induction,rubber_blk,2,68.0,67.9,92.0
charge_pipes,04 Induction,rubber_blk,10,300.0,762.3,264.2
intercooler_l,04 Induction,anodised,22,333.9,114.4,60.8
intercooler_r,04 Induction,anodised,22,333.9,114.3,60.8
pfi_feed_1,04 Induction,steel_nitrided,1,7.0,12.1,10.8
pfi_feed_2,04 Induction,steel_nitrided,1,7.0,12.1,10.8
pfi_feed_3,04 Induction,steel_nitrided,1,7.0,12.1,10.8
pfi_feed_4,04 Induction,steel_nitrided,1,7.0,12.1,10.8
pfi_feed_5,04 Induction,steel_nitrided,1,7.0,12.1,10.8
pfi_feed_6,04 Induction,steel_nitrided,1,7.0,12.1,10.8
pfi_feed_7,04 Induction,steel_nitrided,1,7.0,12.1,10.8
pfi_feed_8,04 Induction,steel_nitrided,1,7.0,12.1,10.8
pfi_injector_1,04 Induction,steel_nitrided,1,18.0,68.1,43.3
pfi_injector_2,04 Induction,steel_nitrided,1,18.0,68.1,43.3
pfi_injector_3,04 Induction,steel_nitrided,1,18.0,68.1,43.3
pfi_injector_4,04 Induction,steel_nitrided,1,18.0,68.1,43.3
pfi_injector_5,04 Induction,steel_nitrided,1,18.0,68.1,43.3
pfi_injector_6,04 Induction,steel_nitrided,1,18.0,68.1,43.3
pfi_injector_7,04 Induction,steel_nitrided,1,18.0,68.1,43.3
pfi_injector_8,04 Induction,steel_nitrided,1,18.0,68.1,43.3
pfi_plug_1,04 Induction,rubber_blk,3,16.1,12.0,10.0
pfi_plug_2,04 Induction,rubber_blk,3,16.1,12.0,10.0
pfi_plug_3,04 Induction,rubber_blk,3,16.1,12.0,10.0
pfi_plug_4,04 Induction,rubber_blk,3,16.1,12.0,10.0
pfi_plug_5,04 Induction,rubber_blk,3,16.1,12.0,10.0
pfi_plug_6,04 Induction,rubber_blk,3,16.1,12.0,10.0
pfi_plug_7,04 Induction,rubber_blk,3,16.1,12.0,10.0
pfi_plug_8,04 Induction,rubber_blk,3,16.1,12.0,10.0
plenum_l,04 Induction,carbon,1,424.0,79.0,79.0
plenum_r,04 Induction,carbon,1,424.0,79.0,79.0
runner_1,04 Induction,alu_forged,2,50.0,82.7,71.0
runner_2,04 Induction,alu_forged,2,50.0,82.7,71.0
runner_3,04 Induction,alu_forged,2,50.0,82.7,71.0
runner_4,04 Induction,alu_forged,2,50.0,82.7,71.0
runner_5,04 Induction,alu_forged,2,50.0,82.7,71.0
runner_6,04 Induction,alu_forged,2,50.0,82.7,71.0
runner_7,04 Induction,alu_forged,2,50.0,82.7,71.0
runner_8,04 Induction,alu_forged,2,50.0,82.7,71.0
throttle_l,04 Induction,alu_forged,3,112.0,62.0,112.0
throttle_motor_l,04 Induction,rubber_blk,6,60.0,36.0,65.0
throttle_motor_r,04 Induction,rubber_blk,6,60.0,36.0,65.0
throttle_r,04 Induction,alu_forged,3,112.0,62.0,112.0
trumpets,04 Induction,carbon,8,391.0,509.6,66.0
collector_1,05 Turbo and Exhaust,inconel,3,80.6,124.7,62.0
collector_2,05 Turbo and Exhaust,inconel,3,80.6,124.7,62.0
compressor_housing_1,05 Turbo and Exhaust,alu_cast,5,102.5,145.7,145.7
compressor_housing_2,05 Turbo and Exhaust,alu_cast,5,102.5,145.7,145.7
compressor_inlet,05 Turbo and Exhaust,alu_cast,1,104.0,103.9,170.0
compressor_wheel_1,05 Turbo and Exhaust,anodised,15,36.7,76.6,75.7
compressor_wheel_2,05 Turbo and Exhaust,anodised,15,36.7,76.6,75.7
exhaust_flange_l,05 Turbo and Exhaust,inconel,12,368.0,60.6,60.6
exhaust_flange_r,05 Turbo and Exhaust,inconel,12,368.0,60.6,60.6
exhaust_gasket_l,05 Turbo and Exhaust,steel_nitrided,4,366.0,44.1,44.1
exhaust_gasket_r,05 Turbo and Exhaust,steel_nitrided,4,366.0,44.1,44.1
heat_shields,05 Turbo and Exhaust,inconel,8,394.4,89.3,66.9
primary_1,05 Turbo and Exhaust,inconel,2,45.5,120.4,229.7
primary_2,05 Turbo and Exhaust,inconel,2,33.4,120.5,229.7
primary_3,05 Turbo and Exhaust,inconel,2,115.0,105.1,221.4
primary_4,05 Turbo and Exhaust,inconel,2,133.4,105.9,221.8
primary_5,05 Turbo and Exhaust,inconel,2,133.4,105.9,221.9
primary_6,05 Turbo and Exhaust,inconel,2,115.0,105.1,221.5
primary_7,05 Turbo and Exhaust,inconel,2,33.5,120.5,229.8
primary_8,05 Turbo and Exhaust,inconel,2,45.5,120.4,229.7
tailpipes,05 Turbo and Exhaust,inconel,6,716.6,227.7,100.3
turbine_housing_1,05 Turbo and Exhaust,inconel,6,119.1,178.4,167.4
turbine_housing_2,05 Turbo and Exhaust,inconel,6,119.1,178.4,167.4
turbine_wheel_1,05 Turbo and Exhaust,inconel,12,38.1,78.8,79.3
turbine_wheel_2,05 Turbo and Exhaust,inconel,12,38.1,78.8,79.3
turbo_centre_1,05 Turbo and Exhaust,alu_cast,7,59.6,77.4,92.3
turbo_centre_2,05 Turbo and Exhaust,alu_cast,7,59.6,77.4,92.3
turbo_oil_1,05 Turbo and Exhaust,braided,4,56.6,37.3,121.4
turbo_oil_2,05 Turbo and Exhaust,braided,4,56.6,37.3,121.4
turbo_shaft_1,05 Turbo and Exhaust,steel_nitrided,1,71.2,18.0,18.0
turbo_shaft_2,05 Turbo and Exhaust,steel_nitrided,1,71.2,18.0,18.0
wastegate_1,05 Turbo and Exhaust,inconel,7,98.2,69.0,39.9
wastegate_2,05 Turbo and Exhaust,inconel,7,98.2,69.0,39.9
battery,06 Hybrid,anodised,30,391.6,375.6,60.5
battery_modules,06 Hybrid,anodised,13,378.2,376.0,40.3
battery_terminals,06 Hybrid,copper_wound,6,274.3,248.0,14.0
ecu,06 Hybrid,anodised,10,167.7,87.7,38.5
ecu_connector,06 Hybrid,rubber_blk,11,25.3,52.8,17.0
harness,06 Hybrid,rubber_blk,91,478.9,595.4,491.6
harness_clips,06 Hybrid,steel_nitrided,63,427.0,460.6,425.3
inverter,06 Hybrid,anodised,12,49.6,157.6,62.3
inverter_connectors,06 Hybrid,rubber_blk,25,33.2,200.0,48.0
mguh,06 Hybrid,alu_forged,2,332.0,48.0,48.0
mguk,06 Hybrid,alu_forged,6,32.0,162.0,162.0
accessory_belt,07 Drive and Ancillaries,rubber_blk,1,20.0,464.0,297.0
accessory_pulleys,07 Drive and Ancillaries,alu_forged,4,34.0,74.0,74.0
alternator,07 Drive and Ancillaries,alu_cast,8,44.8,79.1,84.5
bellhousing,07 Drive and Ancillaries,magnesium,37,86.5,332.0,332.0
belt_idler,07 Drive and Ancillaries,steel_nitrided,5,79.2,66.0,66.0
belt_tensioner,07 Drive and Ancillaries,alu_forged,7,79.2,87.0,87.0
breathers,07 Drive and Ancillaries,alu_forged,7,131.1,496.7,339.3
catch_tank,07 Drive and Ancillaries,alu_forged,12,158.0,123.8,128.0
clutch,07 Drive and Ancillaries,alu_cast,49,40.0,165.1,165.1
coolant_plumbing,07 Drive and Ancillaries,alu_forged,6,571.5,481.8,296.5
dipstick,07 Drive and Ancillaries,steel_nitrided,2,54.0,12.0,12.0
dry_sump_lines,07 Drive and Ancillaries,alu_forged,7,383.0,211.1,235.0
engine_mount_l,07 Drive and Ancillaries,rubber_blk,5,72.0,60.0,44.0
engine_mount_r,07 Drive and Ancillaries,rubber_blk,5,72.0,60.0,44.0
flywheel,07 Drive and Ancillaries,steel_nitrided,17,27.0,192.0,192.0
fuel_feeds_di_l,07 Drive and Ancillaries,steel_nitrided,4,330.0,25.8,28.8
fuel_feeds_di_r,07 Drive and Ancillaries,steel_nitrided,4,330.0,25.8,28.8
fuel_rail_di_crossover,07 Drive and Ancillaries,alu_forged,1,26.0,338.3,99.6
fuel_rail_di_l,07 Drive and Ancillaries,alu_forged,7,408.0,24.0,24.0
fuel_rail_di_r,07 Drive and Ancillaries,alu_forged,7,408.0,24.0,24.0
fuel_rail_pfi_crossover,07 Drive and Ancillaries,alu_forged,1,73.0,495.7,15.0
fuel_rail_pfi_l,07 Drive and Ancillaries,alu_forged,1,342.0,14.0,14.0
fuel_rail_pfi_r,07 Drive and Ancillaries,alu_forged,1,342.0,14.0,14.0
fuel_rail_pfi_union_l,07 Drive and Ancillaries,alu_forged,3,370.0,20.0,20.0
fuel_rail_pfi_union_r,07 Drive and Ancillaries,alu_forged,3,370.0,20.0,20.0
gallery_plugs,07 Drive and Ancillaries,steel_nitrided,12,402.7,211.0,16.0
hp_fuel_pump,07 Drive and Ancillaries,alu_cast,10,65.0,68.0,68.0
knock_sensor_l,07 Drive and Ancillaries,anodised,12,248.0,47.5,43.9
knock_sensor_r,07 Drive and Ancillaries,anodised,12,248.0,47.5,43.9
mount_bosses,07 Drive and Ancillaries,alu_cast,2,24.0,268.0,24.0
oil_cooler,07 Drive and Ancillaries,anodised,18,199.8,94.2,88.4
oil_filter,07 Drive and Ancillaries,anodised,20,118.8,128.7,118.8
oil_pickup,07 Drive and Ancillaries,alu_forged,2,269.2,93.1,115.9
pump_oil,07 Drive and Ancillaries,alu_forged,24,122.6,95.2,81.3
pump_water,07 Drive and Ancillaries,alu_forged,15,115.2,151.0,113.1
sensors,07 Drive and Ancillaries,anodised,10,430.0,311.0,265.0
sump_bolts,07 Drive and Ancillaries,magnesium,36,400.8,182.8,30.0
thermostat,07 Drive and Ancillaries,alu_cast,7,37.0,160.0,83.9
timing_cover,07 Drive and Ancillaries,magnesium,1,58.1,480.2,304.1
timing_gears,07 Drive and Ancillaries,magnesium,198,34.0,461.6,285.6
water_outlets,07 Drive and Ancillaries,alu_cast,2,47.8,388.3,78.2
